{
  "accuracy": 0.8645332050048123,
  "precision": 0.8347397482623169,
  "recall": 0.836613551295302,
  "f1_score": 0.835227988364046,
  "baseline_acc": 0.8539461020211742,
  "finetuned_acc": 0.8645332050048123,
  "improvement": 0.010587102983638186,
  "n_kelas": 10,
  "nama_kelas": [
    "Blouse",
    "Dress",
    "Hoodie",
    "Jacket",
    "Shirt",
    "Shorts",
    "Skirt",
    "Sweater",
    "T-shirt",
    "Trousers"
  ],
  "total_test": 4156,
  "per_class": {
    "Blouse": {
      "precision": 0.7330677290836654,
      "recall": 0.6433566433566433,
      "f1-score": 0.6852886405959032,
      "support": 286.0
    },
    "Dress": {
      "precision": 0.8662704309063893,
      "recall": 0.8900763358778626,
      "f1-score": 0.8780120481927711,
      "support": 655.0
    },
    "Hoodie": {
      "precision": 0.718562874251497,
      "recall": 0.7272727272727273,
      "f1-score": 0.7228915662650602,
      "support": 165.0
    },
    "Jacket": {
      "precision": 0.8514056224899599,
      "recall": 0.8617886178861789,
      "f1-score": 0.8565656565656565,
      "support": 246.0
    },
    "Shirt": {
      "precision": 0.8215613382899628,
      "recall": 0.8185185185185185,
      "f1-score": 0.8200371057513914,
      "support": 270.0
    },
    "Shorts": {
      "precision": 0.8513513513513513,
      "recall": 0.875,
      "f1-score": 0.863013698630137,
      "support": 288.0
    },
    "Skirt": {
      "precision": 0.8011695906432749,
      "recall": 0.845679012345679,
      "f1-score": 0.8228228228228228,
      "support": 162.0
    },
    "Sweater": {
      "precision": 0.866965620328849,
      "recall": 0.8721804511278195,
      "f1-score": 0.8695652173913043,
      "support": 665.0
    },
    "T-shirt": {
      "precision": 0.8664546899841018,
      "recall": 0.8963815789473685,
      "f1-score": 0.8811641067097817,
      "support": 608.0
    },
    "Trousers": {
      "precision": 0.9705882352941176,
      "recall": 0.935881627620222,
      "f1-score": 0.9529190207156308,
      "support": 811.0
    },
    "accuracy": 0.8645332050048123,
    "macro avg": {
      "precision": 0.8347397482623169,
      "recall": 0.836613551295302,
      "f1-score": 0.835227988364046,
      "support": 4156.0
    },
    "weighted avg": {
      "precision": 0.8643784966818764,
      "recall": 0.8645332050048123,
      "f1-score": 0.8640914186781455,
      "support": 4156.0
    }
  }
}